{"trial_id": "08", "hyperparameters": {"space": [{"class_name": "Choice", "config": {"name": "learning_rate", "default": 0.01, "conditions": [], "values": [0.01, 0.001, 0.0001], "ordered": true}}, {"class_name": "Int", "config": {"name": "num_layers", "default": null, "conditions": [], "min_value": 1, "max_value": 3, "step": 1, "sampling": "linear"}}, {"class_name": "Int", "config": {"name": "num_units", "default": null, "conditions": [], "min_value": 8, "max_value": 64, "step": 8, "sampling": "linear"}}], "values": {"learning_rate": 0.001, "num_layers": 1, "num_units": 64}}, "metrics": {"metrics": {"loss": {"direction": "min", "observations": [{"value": [1.2213664054870605], "step": 0}]}, "accuracy": {"direction": "max", "observations": [{"value": [0.502088189125061], "step": 0}]}, "val_loss": {"direction": "min", "observations": [{"value": [0.7897419929504395], "step": 0}]}, "val_accuracy": {"direction": "max", "observations": [{"value": [0.7139722108840942], "step": 0}]}}}, "score": 0.7139722108840942, "best_step": 0, "status": "COMPLETED", "message": null}