{"trial_id": "04", "hyperparameters": {"space": [{"class_name": "Choice", "config": {"name": "learning_rate", "default": 0.01, "conditions": [], "values": [0.01, 0.001, 0.0001], "ordered": true}}, {"class_name": "Int", "config": {"name": "num_layers", "default": null, "conditions": [], "min_value": 1, "max_value": 3, "step": 1, "sampling": "linear"}}, {"class_name": "Int", "config": {"name": "num_units", "default": null, "conditions": [], "min_value": 8, "max_value": 64, "step": 8, "sampling": "linear"}}], "values": {"learning_rate": 0.0001, "num_layers": 1, "num_units": 56}}, "metrics": {"metrics": {"loss": {"direction": "min", "observations": [{"value": [1.6091417074203491], "step": 0}]}, "accuracy": {"direction": "max", "observations": [{"value": [0.33256179094314575], "step": 0}]}, "val_loss": {"direction": "min", "observations": [{"value": [1.5769844055175781], "step": 0}]}, "val_accuracy": {"direction": "max", "observations": [{"value": [0.34576931595802307], "step": 0}]}}}, "score": 0.34576931595802307, "best_step": 0, "status": "COMPLETED", "message": null}