{"trial_id": "00", "hyperparameters": {"space": [{"class_name": "Choice", "config": {"name": "learning_rate", "default": 0.01, "conditions": [], "values": [0.01, 0.001, 0.0001], "ordered": true}}, {"class_name": "Int", "config": {"name": "num_layers", "default": null, "conditions": [], "min_value": 1, "max_value": 3, "step": 1, "sampling": "linear"}}, {"class_name": "Int", "config": {"name": "num_units", "default": null, "conditions": [], "min_value": 8, "max_value": 64, "step": 8, "sampling": "linear"}}], "values": {"learning_rate": 0.001, "num_layers": 2, "num_units": 48}}, "metrics": {"metrics": {"loss": {"direction": "min", "observations": [{"value": [1.0270776748657227], "step": 0}]}, "accuracy": {"direction": "max", "observations": [{"value": [0.5727089643478394], "step": 0}]}, "val_loss": {"direction": "min", "observations": [{"value": [0.5872465968132019], "step": 0}]}, "val_accuracy": {"direction": "max", "observations": [{"value": [0.8166300654411316], "step": 0}]}}}, "score": 0.8166300654411316, "best_step": 0, "status": "COMPLETED", "message": null}