{"trial_id": "03", "hyperparameters": {"space": [{"class_name": "Choice", "config": {"name": "learning_rate", "default": 0.01, "conditions": [], "values": [0.01, 0.001, 0.0001], "ordered": true}}, {"class_name": "Int", "config": {"name": "num_layers", "default": null, "conditions": [], "min_value": 1, "max_value": 3, "step": 1, "sampling": "linear"}}, {"class_name": "Int", "config": {"name": "num_units", "default": null, "conditions": [], "min_value": 8, "max_value": 64, "step": 8, "sampling": "linear"}}], "values": {"learning_rate": 0.001, "num_layers": 3, "num_units": 32}}, "metrics": {"metrics": {"loss": {"direction": "min", "observations": [{"value": [0.9301255345344543], "step": 0}]}, "accuracy": {"direction": "max", "observations": [{"value": [0.6332284808158875], "step": 0}]}, "val_loss": {"direction": "min", "observations": [{"value": [0.5826436877250671], "step": 0}]}, "val_accuracy": {"direction": "max", "observations": [{"value": [0.8185808062553406], "step": 0}]}}}, "score": 0.8185808062553406, "best_step": 0, "status": "COMPLETED", "message": null}