[{"trial_id": "01", "score": 0.857595682144165, "learning_rate": 0.01, "num_layers": 1, "num_units": 40}, {"trial_id": "09", "score": 0.8536942005157471, "learning_rate": 0.01, "num_layers": 2, "num_units": 32}, {"trial_id": "06", "score": 0.845647394657135, "learning_rate": 0.01, "num_layers": 2, "num_units": 40}, {"trial_id": "03", "score": 0.8185808062553406, "learning_rate": 0.001, "num_layers": 3, "num_units": 32}, {"trial_id": "02", "score": 0.8168739080429077, "learning_rate": 0.01, "num_layers": 2, "num_units": 24}, {"trial_id": "00", "score": 0.8166300654411316, "learning_rate": 0.001, "num_layers": 2, "num_units": 48}, {"trial_id": "07", "score": 0.7510363459587097, "learning_rate": 0.001, "num_layers": 2, "num_units": 8}, {"trial_id": "08", "score": 0.7139722108840942, "learning_rate": 0.001, "num_layers": 1, "num_units": 64}, {"trial_id": "04", "score": 0.34576931595802307, "learning_rate": 0.0001, "num_layers": 1, "num_units": 56}, {"trial_id": "05", "score": 0.34576931595802307, "learning_rate": 0.0001, "num_layers": 2, "num_units": 40}]