{"trial_id": "01", "hyperparameters": {"space": [{"class_name": "Choice", "config": {"name": "learning_rate", "default": 0.01, "conditions": [], "values": [0.01, 0.001, 0.0001], "ordered": true}}, {"class_name": "Int", "config": {"name": "num_layers", "default": null, "conditions": [], "min_value": 1, "max_value": 3, "step": 1, "sampling": "linear"}}, {"class_name": "Int", "config": {"name": "num_units", "default": null, "conditions": [], "min_value": 8, "max_value": 64, "step": 8, "sampling": "linear"}}], "values": {"learning_rate": 0.01, "num_layers": 1, "num_units": 40}}, "metrics": {"metrics": {"loss": {"direction": "min", "observations": [{"value": [0.3172859251499176], "step": 0}]}, "accuracy": {"direction": "max", "observations": [{"value": [0.8865274786949158], "step": 0}]}, "val_loss": {"direction": "min", "observations": [{"value": [0.60722416639328], "step": 0}]}, "val_accuracy": {"direction": "max", "observations": [{"value": [0.857595682144165], "step": 0}]}}}, "score": 0.857595682144165, "best_step": 0, "status": "COMPLETED", "message": null}